Date,Clones,Views
2025-02-07,1,0
2025-02-08,1,0
2025-02-20,1,0
2025-02-21,0,2
2025-02-24,1,0
2025-02-25,1,0
2025-02-26,1,0
2025-03-01,1,0
2025-03-09,1,0
2025-03-16,1,0
2025-03-17,1,0
2025-03-22,1,0
2025-03-26,1,0
2025-03-30,1,0
2025-03-31,1,0
2025-04-09,1,0
2025-04-12,1,0
2025-04-18,1,0
2025-04-19,1,0
2025-04-22,1,0
2025-05-05,1,0
2025-06-05,1,0
2025-06-13,1,0
2025-06-17,1,0
2025-06-20,1,0
2025-07-01,1,0
2025-07-04,1,0
2025-08-07,1,0
2025-08-18,1,0
2025-08-28,1,0
2025-08-31,1,0
2025-09-12,1,0
2025-09-15,1,0
2025-09-17,1,0
2025-09-18,1,0
2025-10-01,1,0
2025-10-02,1,0
2025-10-09,1,0
